,epoch,participant,test_loss,test_accuracy,train_accuracy
0,0.0,g,0.05317161093865122,0.039732142857142855,0.0
1,0.0,0.0,0.05313020199537277,0.0546875,0.0
2,0.0,1.0,0.05316127650439739,0.044921875,0.0
3,0.0,2.0,0.053174939937889576,0.041015625,0.0
4,0.0,3.0,0.053233259823173285,0.025390625,0.0
5,1.0,0.0,0.05222659930586815,0.060546875,0.072265625
6,1.0,3.0,0.05231042765080929,0.09375,0.04296875
7,1.0,1.0,0.05230953125283122,0.138671875,0.064453125
8,1.0,g,0.05271166531102998,0.07053571428571428,0.0598958320915699
9,2.0,0.0,0.051979875192046165,0.06640625,0.07421875
10,2.0,1.0,0.05143743380904198,0.103515625,0.091796875
11,2.0,3.0,0.052036243956536055,0.1015625,0.08984375
12,2.0,g,0.05200126777802195,0.06428571428571428,0.0852864608168602
13,3.0,3.0,0.04998142924159765,0.099609375,0.09765625
14,3.0,1.0,0.051910394337028265,0.134765625,0.091796875
15,3.0,2.0,0.05021188221871853,0.0859375,0.09375
16,3.0,g,0.050955460327012196,0.08616071428571428,0.0944010391831398
17,4.0,1.0,0.05050883628427982,0.146484375,0.115234375
18,4.0,0.0,0.04911483358591795,0.107421875,0.119140625
19,4.0,3.0,0.051646579056978226,0.12109375,0.1484375
20,4.0,g,0.04977578914591244,0.11116071428571428,0.1276041716337204
21,5.0,3.0,0.050832532811909914,0.103515625,0.1015625
22,5.0,2.0,0.04646174609661102,0.244140625,0.2109375
23,5.0,0.0,0.052026710007339716,0.1796875,0.14453125
24,5.0,1.0,0.046824177261441946,0.2734375,0.205078125
25,5.0,g,0.04816223712904113,0.1611607142857143,0.16552734375
26,6.0,1.0,0.04950089007616043,0.171875,0.146484375
27,6.0,0.0,0.04868014669045806,0.1171875,0.13671875
28,6.0,2.0,0.05099694570526481,0.13671875,0.1640625
29,6.0,3.0,0.04769921861588955,0.19921875,0.13671875
30,6.0,g,0.04686027584331376,0.1669642857142857,0.14599609375
31,7.0,0.0,0.047809908632189035,0.14453125,0.193359375
32,7.0,1.0,0.04973435215651989,0.1953125,0.169921875
33,7.0,3.0,0.04888679459691048,0.201171875,0.16015625
34,7.0,g,0.0460470971252237,0.17857142857142858,0.1744791716337204
35,8.0,1.0,0.04208368202671409,0.3359375,0.322265625
36,8.0,0.0,0.03885138826444745,0.369140625,0.392578125
37,8.0,2.0,0.04851063480600715,0.15625,0.138671875
38,8.0,g,0.042930053280932565,0.2638392857142857,0.2845052182674408
39,9.0,2.0,0.04617662075906992,0.23828125,0.234375
40,9.0,1.0,0.04103821376338601,0.38671875,0.357421875
41,9.0,0.0,0.04263654723763466,0.25390625,0.287109375
42,9.0,3.0,0.03574409242719412,0.46875,0.404296875
43,9.0,g,0.03894721227032798,0.3495535714285714,0.32080078125
44,10.0,0.0,0.040788847487419844,0.314453125,0.37109375
45,10.0,3.0,0.043238566257059574,0.318359375,0.2421875
46,10.0,2.0,0.033810250693932176,0.42578125,0.4921875
47,10.0,g,0.035728185623884204,0.41116071428571427,0.3684895932674408
48,11.0,0.0,0.03813322028145194,0.373046875,0.41015625
49,11.0,2.0,0.031084028305485845,0.453125,0.541015625
50,11.0,1.0,0.04091576347127557,0.361328125,0.361328125
51,11.0,3.0,0.03835141798481345,0.462890625,0.396484375
52,11.0,g,0.03346003155623164,0.4767857142857143,0.42724609375
53,12.0,0.0,0.040273747872561216,0.349609375,0.35546875
54,12.0,1.0,0.02958944160491228,0.4296875,0.568359375
55,12.0,3.0,0.032649951754137874,0.490234375,0.5
56,12.0,g,0.031147512687104088,0.51875,0.474609375
57,13.0,0.0,0.03276759525761008,0.4296875,0.52734375
58,13.0,3.0,0.03251783736050129,0.509765625,0.5078125
59,13.0,1.0,0.02978685707785189,0.443359375,0.564453125
60,13.0,g,0.02890548865709986,0.5196428571428572,0.533203125
61,14.0,0.0,0.032592789037153125,0.455078125,0.5234375
62,14.0,2.0,0.033390576019883156,0.44140625,0.53515625
63,14.0,1.0,0.026443661656230688,0.482421875,0.6953125
64,14.0,g,0.026853546393769127,0.5441964285714286,0.5846354365348816
65,15.0,3.0,0.03021544497460127,0.513671875,0.560546875
66,15.0,0.0,0.026889495784416795,0.498046875,0.619140625
67,15.0,1.0,0.032429866725578904,0.4453125,0.537109375
68,15.0,g,0.025167139140622956,0.5584821428571428,0.572265625
69,16.0,2.0,0.02927725645713508,0.462890625,0.578125
70,16.0,0.0,0.023723212769255042,0.509765625,0.720703125
71,16.0,1.0,0.028133108280599117,0.447265625,0.638671875
72,16.0,g,0.02301114137683596,0.5901785714285714,0.6458333134651184
73,17.0,3.0,0.023548410274088383,0.53125,0.6953125
74,17.0,2.0,0.02148847095668316,0.5546875,0.7265625
75,17.0,0.0,0.02384036500006914,0.509765625,0.7265625
76,17.0,g,0.021463211998343466,0.5892857142857143,0.7161458134651184
77,18.0,2.0,0.0262161735445261,0.51171875,0.630859375
78,18.0,0.0,0.028619255870580673,0.453125,0.650390625
79,18.0,3.0,0.022648028563708067,0.5234375,0.755859375
80,18.0,g,0.022883734958512442,0.5191964285714286,0.6790364384651184
81,19.0,3.0,0.021036404184997082,0.58203125,0.7734375
82,19.0,0.0,0.02203877898864448,0.53125,0.78125
83,19.0,2.0,0.023577430052682757,0.52734375,0.716796875
84,19.0,1.0,0.025401450926437974,0.498046875,0.736328125
85,19.0,g,0.02586024547261851,0.4575892857142857,0.751953125
86,20.0,0.0,0.022229249123483896,0.52734375,0.7734375
87,20.0,2.0,0.02187091833911836,0.5625,0.75390625
88,20.0,1.0,0.021255102939903736,0.6015625,0.759765625
89,20.0,g,0.026936423565660204,0.45401785714285714,0.7623698115348816
90,21.0,2.0,0.023558836663141847,0.533203125,0.705078125
91,21.0,1.0,0.023663756204769015,0.544921875,0.70703125
92,21.0,0.0,0.01921361475251615,0.58203125,0.767578125
93,21.0,g,0.026588830458266394,0.4669642857142857,0.7265625
94,22.0,3.0,0.02124559646472335,0.576171875,0.767578125
95,22.0,1.0,0.022148949559777975,0.546875,0.681640625
96,22.0,2.0,0.019377880031242967,0.59375,0.69921875
97,22.0,g,0.02036484969513757,0.5700892857142857,0.7161458134651184
98,23.0,2.0,0.02046567783690989,0.587890625,0.755859375
99,23.0,0.0,0.019955458352342248,0.572265625,0.78125
100,23.0,3.0,0.018860763986594975,0.6015625,0.693359375
101,23.0,g,0.01764546265559537,0.6214285714285714,0.7434895634651184
102,24.0,0.0,0.01778948155697435,0.607421875,0.84375
103,24.0,3.0,0.01975827501155436,0.595703125,0.72265625
104,24.0,2.0,0.01981682749465108,0.587890625,0.72265625
105,24.0,g,0.022001943098647253,0.5388392857142857,0.7630208134651184
106,25.0,1.0,0.021919582039117813,0.548828125,0.734375
107,25.0,3.0,0.01715070172213018,0.646484375,0.84375
108,25.0,2.0,0.01824633707292378,0.58984375,0.80078125
109,25.0,g,0.02084462679922581,0.5549107142857143,0.79296875
110,26.0,3.0,0.018491352326236665,0.587890625,0.720703125
111,26.0,1.0,0.01847050921060145,0.62109375,0.833984375
112,26.0,0.0,0.01762017502915114,0.634765625,0.86328125
113,26.0,g,0.02562375691320215,0.4875,0.8059895634651184
114,27.0,0.0,0.018813809379935265,0.591796875,0.810546875
115,27.0,2.0,0.01802539173513651,0.62109375,0.783203125
116,27.0,3.0,0.019962910329923034,0.58984375,0.712890625
117,27.0,g,0.03551259530442102,0.4035714285714286,0.7688801884651184
118,28.0,2.0,0.018336175242438912,0.607421875,0.8203125
119,28.0,0.0,0.021208173129707575,0.568359375,0.669921875
120,28.0,3.0,0.017519319895654917,0.6328125,0.822265625
121,28.0,g,0.034124641067215376,0.41116071428571427,0.7708333134651184
122,29.0,0.0,0.022587220882996917,0.513671875,0.78515625
123,29.0,2.0,0.018109191907569766,0.60546875,0.697265625
124,29.0,1.0,0.019293643650598824,0.58984375,0.68359375
125,29.0,g,0.019033970151628766,0.5973214285714286,0.7220051884651184
126,30.0,1.0,0.020688676740974188,0.5546875,0.849609375
127,30.0,0.0,0.02112406538799405,0.53515625,0.822265625
128,30.0,2.0,0.021287346491590142,0.560546875,0.86328125
129,30.0,3.0,0.017443396500311792,0.61328125,0.751953125
130,30.0,g,0.017016406304069927,0.6308035714285715,0.82177734375
131,31.0,2.0,0.016822001314722,0.64453125,0.931640625
132,31.0,1.0,0.01789533207193017,0.626953125,0.880859375
133,31.0,3.0,0.017181239905767143,0.630859375,0.8984375
134,31.0,g,0.017987870957170214,0.6120535714285714,0.9036458134651184
135,32.0,3.0,0.018652420840226114,0.57421875,0.736328125
136,32.0,2.0,0.01637584448326379,0.65625,0.93359375
137,32.0,1.0,0.02042294666171074,0.578125,0.796875
138,32.0,g,0.024200785692249024,0.515625,0.822265625
139,33.0,1.0,0.018264478188939393,0.60546875,0.8671875
140,33.0,0.0,0.020551290130242705,0.55859375,0.720703125
141,33.0,3.0,0.019424309954047203,0.5703125,0.794921875
142,33.0,g,0.038479770507131306,0.39107142857142857,0.7942708134651184
143,34.0,1.0,0.018579585710540414,0.609375,0.869140625
144,34.0,3.0,0.01764222572091967,0.599609375,0.90625
145,34.0,0.0,0.02008814620785415,0.55859375,0.880859375
146,34.0,g,0.04783234048102583,0.35044642857142855,0.8854166865348816
147,35.0,0.0,0.025002869311720133,0.48828125,0.66015625
148,35.0,2.0,0.016105763032101095,0.64453125,0.892578125
149,35.0,3.0,0.01653569017071277,0.65234375,0.943359375
150,35.0,1.0,0.018030855106189847,0.603515625,0.83203125
151,35.0,g,0.04819789124386651,0.35044642857142855,0.83203125
152,36.0,2.0,0.022498962003737688,0.544921875,0.689453125
153,36.0,0.0,0.019771730760112405,0.58203125,0.80859375
154,36.0,1.0,0.01776276365853846,0.611328125,0.86328125
155,36.0,g,0.0290575381900583,0.4888392857142857,0.787109375
156,37.0,3.0,0.016186485067009926,0.650390625,0.943359375
157,37.0,2.0,0.01812587329186499,0.619140625,0.92578125
158,37.0,0.0,0.016864779056049883,0.6328125,0.93359375
159,37.0,g,0.02405214746083532,0.53125,0.9342448115348816
160,38.0,2.0,0.022409409284591675,0.552734375,0.69140625
161,38.0,1.0,0.020029362640343606,0.556640625,0.744140625
162,38.0,0.0,0.019228887278586626,0.6015625,0.8125
163,38.0,g,0.022680825899754252,0.534375,0.7493489384651184
164,39.0,0.0,0.020275585120543838,0.5703125,0.703125
165,39.0,3.0,0.017680543125607073,0.626953125,0.865234375
166,39.0,2.0,0.01873127988073975,0.6171875,0.83984375
167,39.0,g,0.02141209617257118,0.5598214285714286,0.802734375
168,40.0,1.0,0.018685317831113935,0.583984375,0.869140625
169,40.0,0.0,0.017830477212555707,0.615234375,0.853515625
170,40.0,3.0,0.017582557280547917,0.62109375,0.919921875
171,40.0,g,0.019540011909391197,0.5977678571428572,0.880859375
172,41.0,3.0,0.01901340181939304,0.599609375,0.76171875
173,41.0,2.0,0.019289117539301515,0.58984375,0.77734375
174,41.0,1.0,0.019186170073226094,0.58984375,0.880859375
175,41.0,g,0.020819348522594996,0.5736607142857143,0.806640625
176,42.0,2.0,0.018969195429235697,0.603515625,0.84765625
177,42.0,1.0,0.01911991578526795,0.580078125,0.884765625
178,42.0,3.0,0.017595314537175,0.63671875,0.841796875
179,42.0,g,0.02288922986813954,0.5299107142857142,0.8580729365348816
180,43.0,0.0,0.019563846290111542,0.57421875,0.85546875
181,43.0,3.0,0.017169053782708943,0.626953125,0.91015625
182,43.0,1.0,0.019300384214147925,0.6015625,0.916015625
183,43.0,g,0.030574248837573186,0.43794642857142857,0.8938801884651184
184,44.0,0.0,0.017419625888578594,0.6171875,0.8984375
185,44.0,2.0,0.02015841123647988,0.5625,0.80859375
186,44.0,1.0,0.01841137744486332,0.59375,0.900390625
187,44.0,g,0.032713175245693754,0.4174107142857143,0.869140625
188,45.0,3.0,0.01802957826294005,0.626953125,0.935546875
189,45.0,1.0,0.019724110956303775,0.572265625,0.876953125
190,45.0,2.0,0.01742502604611218,0.6328125,0.91796875
191,45.0,0.0,0.018158851424232125,0.595703125,0.87890625
192,45.0,g,0.0353070535830089,0.43258928571428573,0.90234375
193,46.0,0.0,0.018049422884359956,0.61328125,0.833984375
194,46.0,2.0,0.020021084463223815,0.5625,0.74609375
195,46.0,3.0,0.017338747973553836,0.630859375,0.951171875
196,46.0,1.0,0.020941018359735608,0.5703125,0.7734375
197,46.0,g,0.024850174571786607,0.5205357142857143,0.826171875
198,47.0,2.0,0.02048703795298934,0.5625,0.859375
199,47.0,3.0,0.01848770584911108,0.609375,0.810546875
200,47.0,1.0,0.01924822840373963,0.60546875,0.814453125
201,47.0,g,0.019785086305013726,0.5977678571428572,0.828125
202,48.0,0.0,0.021286951145157218,0.564453125,0.783203125
203,48.0,1.0,0.02013299916870892,0.576171875,0.931640625
204,48.0,2.0,0.020095608197152615,0.583984375,0.861328125
205,48.0,3.0,0.019093352952040732,0.583984375,0.876953125
206,48.0,g,0.02423821192766939,0.5348214285714286,0.86328125
207,49.0,1.0,0.018826101440936327,0.607421875,0.765625
208,49.0,2.0,0.02198300464078784,0.5703125,0.88671875
209,49.0,0.0,0.0194976698840037,0.58984375,0.779296875
210,49.0,g,0.027421910688281058,0.5151785714285714,0.810546875
211,50.0,0.0,0.019969440414570272,0.591796875,0.80859375
212,50.0,1.0,0.021866220748052,0.5390625,0.833984375
213,50.0,2.0,0.01926836627535522,0.6015625,0.958984375
214,50.0,g,0.02598090432584286,0.5236607142857143,0.8671875
215,51.0,1.0,0.022310269065201283,0.552734375,0.884765625
216,51.0,3.0,0.021193815860897303,0.5625,0.861328125
217,51.0,0.0,0.0213708255905658,0.576171875,0.833984375
218,51.0,g,0.02521279917231628,0.5276785714285714,0.8600260615348816
219,52.0,2.0,0.019235720625147223,0.611328125,0.912109375
220,52.0,0.0,0.019439576659351587,0.58984375,0.91796875
221,52.0,1.0,0.019975918112322688,0.576171875,0.86328125
222,52.0,g,0.027668267861008643,0.49508928571428573,0.8977864384651184
223,53.0,1.0,0.02210560254752636,0.5703125,0.865234375
224,53.0,3.0,0.020320290001109242,0.57421875,0.88671875
225,53.0,2.0,0.01872131507843733,0.615234375,0.9609375
226,53.0,g,0.03094706130879266,0.4772321428571429,0.904296875
227,54.0,0.0,0.0197655507363379,0.587890625,0.876953125
228,54.0,3.0,0.020360633614473045,0.587890625,0.826171875
229,54.0,1.0,0.019664793740957975,0.59765625,0.927734375
230,54.0,g,0.0279111278376409,0.4888392857142857,0.876953125
231,55.0,2.0,0.019466994563117623,0.61328125,0.921875
232,55.0,1.0,0.019124429556541145,0.59765625,0.884765625
233,55.0,0.0,0.019698149524629116,0.580078125,0.8828125
234,55.0,3.0,0.020707454066723585,0.5703125,0.896484375
235,55.0,g,0.04525783136487007,0.35625,0.896484375
236,56.0,3.0,0.01865677465684712,0.615234375,0.912109375
237,56.0,1.0,0.021885110763832927,0.576171875,0.728515625
238,56.0,0.0,0.021300411084666848,0.572265625,0.701171875
239,56.0,2.0,0.01899313577450812,0.62109375,0.94921875
240,56.0,g,0.024877644915665898,0.5214285714285715,0.82275390625
241,57.0,2.0,0.020128207514062524,0.595703125,0.84765625
242,57.0,0.0,0.02246820949949324,0.56640625,0.869140625
243,57.0,3.0,0.019631955190561712,0.607421875,0.931640625
244,57.0,g,0.02142010112958295,0.5700892857142857,0.8828125
245,58.0,3.0,0.020049504935741425,0.58203125,0.892578125
246,58.0,1.0,0.021480553317815065,0.55859375,0.89453125
247,58.0,2.0,0.019786289893090725,0.603515625,0.931640625
248,58.0,g,0.028386950120329858,0.48839285714285713,0.90625
249,59.0,0.0,0.019044463988393545,0.61328125,0.916015625
250,59.0,1.0,0.020408419892191887,0.578125,0.822265625
251,59.0,3.0,0.01858411740977317,0.609375,0.921875
252,59.0,g,0.028885485497968537,0.49910714285714286,0.88671875
253,60.0,2.0,0.018484030850231647,0.61328125,0.974609375
254,60.0,3.0,0.02041415451094508,0.583984375,0.779296875
255,60.0,0.0,0.01731847587507218,0.642578125,0.888671875
256,60.0,g,0.033527461599026406,0.46919642857142857,0.880859375
257,61.0,0.0,0.019986645318567753,0.603515625,0.814453125
258,61.0,3.0,0.022720951354131103,0.548828125,0.728515625
259,61.0,2.0,0.020208140602335334,0.59765625,0.892578125
260,61.0,g,0.02537427470088005,0.5178571428571429,0.8118489384651184
261,62.0,0.0,0.019293892430141568,0.611328125,0.830078125
262,62.0,2.0,0.019644166342914104,0.6015625,0.857421875
263,62.0,3.0,0.020297587383538485,0.576171875,0.8203125
264,62.0,g,0.028100784601909772,0.4857142857142857,0.8359375
265,63.0,1.0,0.020820134552195668,0.578125,0.859375
266,63.0,0.0,0.017488833866082132,0.638671875,0.943359375
267,63.0,2.0,0.022417496656998992,0.54296875,0.85546875
268,63.0,g,0.031606913357973096,0.44642857142857145,0.8860676884651184
269,64.0,1.0,0.02142739249393344,0.58203125,0.966796875
270,64.0,3.0,0.01885306928306818,0.6015625,0.859375
271,64.0,2.0,0.02000791789032519,0.587890625,0.9140625
272,64.0,g,0.03097700338278498,0.46473214285714287,0.9134114384651184
273,65.0,3.0,0.019493296858854592,0.595703125,0.853515625
274,65.0,1.0,0.023148081731051207,0.537109375,0.82421875
275,65.0,0.0,0.01988720498047769,0.587890625,0.873046875
276,65.0,g,0.02773606213075774,0.5196428571428572,0.8502604365348816
277,66.0,3.0,0.018343831645324826,0.615234375,0.94140625
278,66.0,0.0,0.020903311436995864,0.580078125,0.87109375
279,66.0,1.0,0.0203836940927431,0.57421875,0.939453125
280,66.0,g,0.023169878284846034,0.5611607142857142,0.9173176884651184
281,67.0,3.0,0.01975184096954763,0.57421875,0.890625
282,67.0,2.0,0.018660157918930054,0.5859375,0.95703125
283,67.0,1.0,0.019076607073657215,0.603515625,0.984375
284,67.0,g,0.02288590855896473,0.5526785714285715,0.9440104365348816
285,68.0,0.0,0.019723614444956183,0.62109375,0.94921875
286,68.0,1.0,0.018983187270350754,0.615234375,0.986328125
287,68.0,2.0,0.019356045173481107,0.599609375,0.919921875
288,68.0,g,0.02223736249974796,0.575,0.9518229365348816
289,69.0,0.0,0.020538281416520476,0.572265625,0.83203125
290,69.0,3.0,0.02053526509553194,0.5859375,0.953125
291,69.0,1.0,0.01901825307868421,0.6171875,0.986328125
292,69.0,g,0.02842912343995912,0.5129464285714286,0.923828125
293,70.0,1.0,0.02036659198347479,0.59765625,0.9765625
294,70.0,2.0,0.02018160349689424,0.583984375,0.92578125
295,70.0,3.0,0.019151827320456505,0.60546875,0.98046875
296,70.0,g,0.029015839844942094,0.5040178571428572,0.9609375
297,71.0,0.0,0.020484863547608256,0.599609375,0.953125
298,71.0,1.0,0.019605998299084604,0.60546875,0.9921875
299,71.0,3.0,0.018442079075612128,0.609375,0.982421875
300,71.0,g,0.033412102716309684,0.4674107142857143,0.9759114384651184
301,72.0,3.0,0.018575103487819433,0.615234375,0.9765625
302,72.0,0.0,0.021355085540562868,0.591796875,0.830078125
303,72.0,2.0,0.020966202719137073,0.58203125,0.876953125
304,72.0,1.0,0.019676900003105402,0.591796875,0.94140625
305,72.0,g,0.02138847035488912,0.5977678571428572,0.90625
306,73.0,3.0,0.01978325075469911,0.62109375,0.970703125
307,73.0,1.0,0.019870744668878615,0.603515625,0.9765625
308,73.0,0.0,0.020062858471646905,0.6328125,0.978515625
309,73.0,2.0,0.020746596390381455,0.5859375,0.939453125
310,73.0,g,0.019642947294882366,0.609375,0.96630859375
311,74.0,1.0,0.019772330299019814,0.58984375,0.94921875
312,74.0,2.0,0.020070489728823304,0.6015625,0.935546875
313,74.0,3.0,0.018647959223017097,0.638671875,0.99609375
314,74.0,g,0.01893894664411034,0.6254464285714286,0.9602864384651184
315,75.0,3.0,0.01973364921286702,0.609375,0.9296875
316,75.0,2.0,0.019803033908829093,0.599609375,0.955078125
317,75.0,0.0,0.018781685968860984,0.625,0.919921875
318,75.0,g,0.02607417484479291,0.5629464285714286,0.9348958134651184
319,76.0,1.0,0.02043055451940745,0.59765625,0.9921875
320,76.0,0.0,0.022255620453506708,0.595703125,0.912109375
321,76.0,3.0,0.020983329392038286,0.595703125,0.994140625
322,76.0,g,0.028213491290807725,0.5486607142857143,0.9661458134651184
323,77.0,3.0,0.020148493815213442,0.59375,0.904296875
324,77.0,0.0,0.02073727478273213,0.611328125,0.99609375
325,77.0,2.0,0.023309291107580066,0.580078125,0.88671875
326,77.0,g,0.02631976008415222,0.5669642857142857,0.9290364384651184
327,78.0,1.0,0.02539855823852122,0.556640625,0.93359375
328,78.0,3.0,0.023362055653706193,0.578125,0.916015625
329,78.0,0.0,0.018498837598599494,0.6484375,0.998046875
330,78.0,2.0,0.020449357572942972,0.591796875,0.986328125
331,78.0,g,0.023655104583927562,0.5767857142857142,0.95849609375
332,79.0,0.0,0.02170064370147884,0.619140625,0.970703125
333,79.0,1.0,0.020286760642193258,0.607421875,0.9921875
334,79.0,2.0,0.021211241371929646,0.591796875,0.98046875
335,79.0,3.0,0.019141898374073207,0.611328125,0.9765625
336,79.0,g,0.021672067791223527,0.6,0.97998046875
337,80.0,0.0,0.020092171849682927,0.62890625,0.984375
338,80.0,3.0,0.018645051401108503,0.62109375,0.978515625
339,80.0,2.0,0.018754341173917055,0.626953125,0.994140625
340,80.0,1.0,0.02076136984396726,0.6015625,0.982421875
341,80.0,g,0.023151959106326104,0.6,0.98486328125
342,81.0,0.0,0.019992959452793002,0.625,0.982421875
343,81.0,2.0,0.021785807330161333,0.587890625,0.9609375
344,81.0,1.0,0.020501892897300422,0.6171875,0.986328125
345,81.0,g,0.030864609086087774,0.5276785714285714,0.9765625
346,82.0,1.0,0.021894199890084565,0.59765625,0.9140625
347,82.0,3.0,0.019558033789508045,0.603515625,0.986328125
348,82.0,0.0,0.019675821415148675,0.640625,0.994140625
349,82.0,g,0.030017063234533584,0.5316964285714286,0.96484375
350,83.0,2.0,0.020259293261915445,0.619140625,0.978515625
351,83.0,0.0,0.020184800261631608,0.626953125,0.98046875
352,83.0,3.0,0.020798947429284453,0.60546875,0.951171875
353,83.0,1.0,0.026123380521312356,0.541015625,0.9140625
354,83.0,g,0.029881965847952024,0.5223214285714286,0.9560546875
355,84.0,2.0,0.02118082856759429,0.607421875,0.984375
356,84.0,1.0,0.02304440992884338,0.572265625,0.9140625
357,84.0,3.0,0.022448596777394414,0.591796875,0.955078125
358,84.0,g,0.023055366320269447,0.5808035714285714,0.951171875
359,85.0,3.0,0.020539371762424707,0.59765625,0.9921875
360,85.0,0.0,0.02291457331739366,0.572265625,0.890625
361,85.0,1.0,0.023539153044112027,0.572265625,0.990234375
362,85.0,2.0,0.020781281869858503,0.6015625,0.974609375
363,85.0,g,0.02542579546570778,0.5549107142857143,0.9619140625
364,86.0,1.0,0.023493184242397547,0.576171875,0.9765625
365,86.0,0.0,0.019876901991665363,0.6328125,0.978515625
366,86.0,2.0,0.02054000017233193,0.6171875,0.998046875
367,86.0,3.0,0.019036447629332542,0.62109375,0.99609375
368,86.0,g,0.02472665496170521,0.56875,0.9873046875
369,87.0,1.0,0.02066658716648817,0.623046875,0.92578125
370,87.0,2.0,0.01996583165600896,0.607421875,0.96875
371,87.0,3.0,0.020500747836194932,0.62109375,0.966796875
372,87.0,g,0.036898798229438916,0.47098214285714285,0.9537760615348816
373,88.0,1.0,0.023719454766251147,0.57421875,0.978515625
374,88.0,0.0,0.02399315289221704,0.59375,0.912109375
375,88.0,2.0,0.01977105811238289,0.609375,0.998046875
376,88.0,g,0.03848726158695562,0.4700892857142857,0.962890625
377,89.0,2.0,0.01995323342271149,0.615234375,1.0
378,89.0,1.0,0.02432703203521669,0.560546875,0.92578125
379,89.0,3.0,0.02304852311499417,0.59765625,0.888671875
380,89.0,g,0.02679712814944131,0.55625,0.9381510615348816
381,90.0,0.0,0.023893240140751004,0.583984375,0.94921875
382,90.0,2.0,0.019882350927218795,0.6171875,1.0
383,90.0,1.0,0.02165909786708653,0.607421875,0.962890625
384,90.0,g,0.028643217789275307,0.5352678571428572,0.970703125
385,91.0,3.0,0.022429429925978184,0.60546875,0.94140625
386,91.0,2.0,0.02480664011090994,0.564453125,0.90234375
387,91.0,0.0,0.02407555654644966,0.595703125,0.9609375
388,91.0,g,0.026060700256909642,0.5736607142857143,0.9348958134651184
389,92.0,2.0,0.02505705156363547,0.578125,0.947265625
390,92.0,0.0,0.0212361600715667,0.625,0.96484375
391,92.0,1.0,0.02050817117560655,0.603515625,0.99609375
392,92.0,3.0,0.021091199945658445,0.609375,0.986328125
393,92.0,g,0.02762141078710556,0.5629464285714286,0.9736328125
394,93.0,0.0,0.022191001567989588,0.61328125,0.94921875
395,93.0,1.0,0.023731622379273176,0.580078125,0.98828125
396,93.0,2.0,0.020358264911919832,0.615234375,0.9765625
397,93.0,g,0.021383720370275635,0.6196428571428572,0.9713541865348816
398,94.0,0.0,0.020745330024510622,0.611328125,0.99609375
399,94.0,1.0,0.02361566456966102,0.591796875,0.98828125
400,94.0,2.0,0.02245012018829584,0.58984375,0.900390625
401,94.0,g,0.021859394812158175,0.6111607142857143,0.9615885615348816
402,95.0,1.0,0.022594930254854262,0.595703125,0.9921875
403,95.0,3.0,0.020013953326269984,0.6328125,0.990234375
404,95.0,0.0,0.020153889432549477,0.638671875,0.99609375
405,95.0,g,0.021315870646919522,0.6084821428571429,0.9928385615348816
406,96.0,3.0,0.02142331236973405,0.59765625,0.994140625
407,96.0,0.0,0.019648417131975293,0.634765625,0.998046875
408,96.0,1.0,0.021339779254049063,0.599609375,1.0
409,96.0,g,0.020724617184272834,0.6120535714285714,0.9973958134651184
410,97.0,2.0,0.02603616355918348,0.5625,0.919921875
411,97.0,0.0,0.019369192188605666,0.646484375,1.0
412,97.0,3.0,0.019970067543908954,0.6328125,1.0
413,97.0,g,0.020217547911618436,0.628125,0.9733073115348816
414,98.0,0.0,0.019397668773308396,0.64453125,1.0
415,98.0,1.0,0.021257197950035334,0.615234375,1.0
416,98.0,3.0,0.01985543151386082,0.63671875,1.0
417,98.0,2.0,0.020211072405800223,0.619140625,0.98046875
418,98.0,g,0.020054201941405024,0.6285714285714286,0.9951171875
419,99.0,3.0,0.019827547948807478,0.630859375,1.0
420,99.0,2.0,0.02115945308469236,0.59765625,1.0
421,99.0,1.0,0.021141652949154377,0.6015625,1.0
422,99.0,0.0,0.019417653908021748,0.64453125,1.0
423,99.0,g,0.020529539856527532,0.6200892857142857,1.0
424,100.0,1.0,0.021081458777189255,0.615234375,1.0
425,100.0,0.0,0.019345643930137157,0.658203125,1.0
426,100.0,3.0,0.01959113171324134,0.626953125,1.0
427,100.0,2.0,0.019968722946941853,0.615234375,1.0
428,100.0,g,0.02133794075676373,0.61875,1.0
429,101.0,3.0,0.019987545674666762,0.62109375,1.0
430,101.0,2.0,0.02087457338348031,0.60546875,1.0
431,101.0,0.0,0.01930287992581725,0.66015625,1.0
432,101.0,g,0.0210063440193023,0.6174107142857143,1.0
433,102.0,3.0,0.020114073995500803,0.630859375,0.998046875
434,102.0,2.0,0.019995085429400206,0.60546875,1.0
435,102.0,0.0,0.019222378497943282,0.65625,1.0
436,102.0,g,0.021428537288946763,0.6160714285714286,0.9993489384651184
437,103.0,3.0,0.01959931117016822,0.62890625,1.0
438,103.0,0.0,0.019856263184919953,0.658203125,1.0
439,103.0,2.0,0.02000007452443242,0.6171875,1.0
440,103.0,g,0.021910134596484047,0.6169642857142857,1.0
441,104.0,0.0,0.019277601968497038,0.65234375,1.0
442,104.0,2.0,0.021213797386735678,0.611328125,1.0
443,104.0,3.0,0.0212912957649678,0.623046875,1.0
444,104.0,g,0.021858206098633152,0.6205357142857143,1.0
445,105.0,1.0,0.023851942154578865,0.58984375,1.0
446,105.0,2.0,0.020463798427954316,0.623046875,1.0
447,105.0,3.0,0.020248182816430926,0.62109375,1.0
448,105.0,g,0.02202098292431661,0.6191964285714285,1.0
449,106.0,0.0,0.02055190782994032,0.650390625,1.0
450,106.0,3.0,0.021416500909253955,0.626953125,1.0
451,106.0,2.0,0.02144061797298491,0.6171875,1.0
452,106.0,1.0,0.022660540882498026,0.599609375,1.0
453,106.0,g,0.022245949746242593,0.6200892857142857,1.0
454,107.0,3.0,0.02104582986794412,0.626953125,1.0
455,107.0,1.0,0.02270463772583753,0.595703125,1.0
456,107.0,0.0,0.019449206767603755,0.654296875,1.0
457,107.0,g,0.022284048423171044,0.61875,1.0
458,108.0,2.0,0.023058951133862138,0.609375,1.0
459,108.0,3.0,0.0215801487211138,0.634765625,1.0
460,108.0,1.0,0.023234847001731396,0.591796875,1.0
461,108.0,g,0.02216705091829811,0.621875,1.0
462,109.0,0.0,0.021389154950156808,0.64453125,1.0
463,109.0,2.0,0.02196407923474908,0.630859375,1.0
464,109.0,1.0,0.022848506458103657,0.6015625,1.0
465,109.0,g,0.022092185488768987,0.6245535714285714,1.0
466,110.0,3.0,0.021724790800362825,0.626953125,1.0
467,110.0,0.0,0.02069290215149522,0.66015625,1.0
468,110.0,2.0,0.02226829994469881,0.623046875,1.0
469,110.0,g,0.022196361901504653,0.6267857142857143,1.0
470,111.0,3.0,0.021511167054995894,0.63671875,1.0
471,111.0,1.0,0.024003616417758167,0.603515625,1.0
472,111.0,0.0,0.020827383967116475,0.66796875,1.0
473,111.0,2.0,0.02223391830921173,0.619140625,1.0
474,111.0,g,0.0227166370089565,0.6236607142857142,1.0
475,112.0,2.0,0.022199197439476848,0.623046875,1.0
476,112.0,3.0,0.02168113784864545,0.63671875,1.0
477,112.0,1.0,0.023576590232551098,0.60546875,1.0
478,112.0,g,0.023097440307693822,0.6191964285714285,1.0
479,113.0,2.0,0.02220532693900168,0.61328125,0.998046875
480,113.0,1.0,0.02428242878522724,0.603515625,1.0
481,113.0,3.0,0.022203259402886033,0.630859375,1.0
482,113.0,g,0.022664595927510942,0.6236607142857142,0.9993489384651184
483,114.0,3.0,0.02159483334980905,0.634765625,1.0
484,114.0,2.0,0.022735954029485583,0.61328125,1.0
485,114.0,0.0,0.021794771309942007,0.640625,1.0
486,114.0,1.0,0.02445560903288424,0.6015625,1.0
487,114.0,g,0.02233704637203898,0.6272321428571429,1.0
488,115.0,1.0,0.02423193457070738,0.6015625,1.0
489,115.0,2.0,0.022101898677647114,0.611328125,1.0
490,115.0,0.0,0.020950855687260628,0.638671875,1.0
491,115.0,g,0.02209794893860817,0.6308035714285715,1.0
492,116.0,2.0,0.022558365482836962,0.6171875,1.0
493,116.0,0.0,0.02092665433883667,0.642578125,1.0
494,116.0,3.0,0.021705075399950147,0.642578125,1.0
495,116.0,1.0,0.02407903445418924,0.6015625,1.0
496,116.0,g,0.022179535324020044,0.6299107142857143,1.0
497,117.0,0.0,0.02102091140113771,0.66015625,1.0
498,117.0,3.0,0.021948075154796243,0.6328125,1.0
499,117.0,1.0,0.024311106302775443,0.599609375,1.0
500,117.0,g,0.022412241649414813,0.6299107142857143,1.0
501,118.0,2.0,0.022108366014435887,0.61328125,1.0
502,118.0,0.0,0.02099915500730276,0.6640625,1.0
503,118.0,1.0,0.023338350583799183,0.60546875,1.0
504,118.0,g,0.022655995190143587,0.6267857142857143,1.0
505,119.0,3.0,0.021994708571583033,0.634765625,1.0
506,119.0,1.0,0.02386977570131421,0.603515625,1.0
507,119.0,2.0,0.02204326563514769,0.6171875,1.0
508,119.0,g,0.022578224459929127,0.628125,1.0
509,120.0,3.0,0.021955779986456037,0.638671875,1.0
510,120.0,1.0,0.0237149529857561,0.603515625,1.0
511,120.0,2.0,0.022194450488314033,0.623046875,1.0
512,120.0,g,0.02241430961127792,0.6299107142857143,1.0
513,121.0,1.0,0.023443676996976137,0.603515625,1.0
514,121.0,0.0,0.020964081399142742,0.6640625,1.0
515,121.0,2.0,0.02281442447565496,0.623046875,1.0
516,121.0,g,0.022371421195566656,0.634375,1.0
517,122.0,3.0,0.022053433815017343,0.64453125,1.0
518,122.0,2.0,0.022352881031110883,0.619140625,1.0
519,122.0,0.0,0.021280313609167933,0.666015625,1.0
520,122.0,g,0.02248922416142055,0.6334821428571429,1.0
521,123.0,1.0,0.023532939958386123,0.603515625,1.0
522,123.0,2.0,0.0225871370639652,0.623046875,1.0
523,123.0,3.0,0.02203896688297391,0.634765625,1.0
524,123.0,0.0,0.021186231169849634,0.662109375,1.0
525,123.0,g,0.022704601447497096,0.63125,1.0
526,124.0,3.0,0.021900448249652982,0.63671875,1.0
527,124.0,2.0,0.02258491446264088,0.62890625,1.0
528,124.0,1.0,0.02447528054472059,0.60546875,1.0
529,124.0,0.0,0.02112055034376681,0.662109375,1.0
530,124.0,g,0.023143218564135686,0.6236607142857142,1.0
531,125.0,2.0,0.022786386543884873,0.615234375,1.0
532,125.0,0.0,0.02164706913754344,0.650390625,1.0
533,125.0,3.0,0.02205458772368729,0.64453125,1.0
534,125.0,g,0.02369192522019148,0.6223214285714286,1.0
535,126.0,1.0,0.025480337324552238,0.599609375,1.0
536,126.0,3.0,0.02280154125764966,0.62890625,1.0
537,126.0,2.0,0.022668955149129033,0.626953125,1.0
538,126.0,g,0.023463785754782814,0.6232142857142857,1.0
539,127.0,1.0,0.02484521467704326,0.603515625,1.0
540,127.0,2.0,0.02309865294955671,0.603515625,1.0
541,127.0,3.0,0.022073856554925442,0.64453125,1.0
542,127.0,0.0,0.021303029032424092,0.65234375,1.0
543,127.0,g,0.023166821338236332,0.628125,1.0
544,128.0,0.0,0.021617199992761016,0.654296875,1.0
545,128.0,1.0,0.023719404242001474,0.60546875,1.0
546,128.0,3.0,0.022094713058322668,0.642578125,1.0
547,128.0,g,0.02289534934929439,0.6321428571428571,1.0
548,129.0,3.0,0.022117767948657274,0.638671875,1.0
549,129.0,0.0,0.021496563218533993,0.654296875,1.0
550,129.0,2.0,0.02282259427011013,0.62109375,1.0
551,129.0,g,0.022702681698969433,0.6366071428571428,1.0
552,130.0,0.0,0.02160766371525824,0.669921875,1.0
553,130.0,3.0,0.02231108583509922,0.63671875,1.0
554,130.0,2.0,0.022831095615401864,0.62109375,1.0
555,130.0,1.0,0.02525150857400149,0.60546875,1.0
556,130.0,g,0.02278809989137309,0.634375,1.0
557,131.0,3.0,0.022362391697242856,0.62890625,1.0
558,131.0,1.0,0.024911700282245874,0.603515625,1.0
559,131.0,0.0,0.021625641034916043,0.65234375,1.0
560,131.0,2.0,0.02285889256745577,0.62109375,1.0
561,131.0,g,0.02307423015258142,0.6294642857142857,1.0
562,132.0,0.0,0.02184352627955377,0.662109375,1.0
563,132.0,2.0,0.022839686134830117,0.62109375,1.0
564,132.0,3.0,0.022918096976354718,0.626953125,1.0
565,132.0,g,0.023300884743886335,0.6276785714285714,1.0
566,133.0,2.0,0.023772604297846556,0.62109375,1.0
567,133.0,0.0,0.021669979207217693,0.654296875,1.0
568,133.0,3.0,0.022298432188108563,0.6484375,1.0
569,133.0,g,0.02330785319209099,0.6294642857142857,1.0
570,134.0,1.0,0.02412704937160015,0.595703125,1.0
571,134.0,2.0,0.02285505970939994,0.62109375,1.0
572,134.0,0.0,0.021529938094317913,0.6640625,1.0
573,134.0,g,0.023491843018148627,0.6276785714285714,1.0
574,135.0,0.0,0.021691545844078064,0.671875,1.0
575,135.0,3.0,0.022898176219314337,0.642578125,1.0
576,135.0,1.0,0.024370723636820912,0.603515625,1.0
577,135.0,g,0.023373733913259847,0.6290178571428572,1.0
578,136.0,2.0,0.023556417087092996,0.626953125,1.0
579,136.0,3.0,0.02242599008604884,0.64453125,1.0
580,136.0,0.0,0.021932940231636167,0.66796875,1.0
581,136.0,g,0.02332031966320106,0.6357142857142857,1.0
582,137.0,2.0,0.023379242978990078,0.625,1.0
583,137.0,3.0,0.02290970296598971,0.646484375,1.0
584,137.0,0.0,0.022029870422556996,0.662109375,1.0
585,137.0,1.0,0.02465527772437781,0.607421875,1.0
586,137.0,g,0.023443376485790524,0.6303571428571428,1.0
587,138.0,2.0,0.023441723082214594,0.623046875,1.0
588,138.0,3.0,0.022820413345471025,0.646484375,1.0
589,138.0,0.0,0.021987813524901867,0.669921875,1.0
590,138.0,1.0,0.02492728433571756,0.60546875,1.0
591,138.0,g,0.023600428897355284,0.63125,1.0
592,139.0,3.0,0.022805436048656702,0.6484375,1.0
593,139.0,2.0,0.02335297572426498,0.62109375,1.0
594,139.0,1.0,0.02574711514171213,0.607421875,1.0
595,139.0,0.0,0.022476809797808528,0.650390625,1.0
596,139.0,g,0.023963964065270765,0.6272321428571429,1.0
597,140.0,1.0,0.025816807174123824,0.609375,1.0
598,140.0,0.0,0.022033785469830036,0.6640625,1.0
599,140.0,2.0,0.023382890736684203,0.607421875,1.0
600,140.0,g,0.02382536775299481,0.6276785714285714,1.0
601,141.0,1.0,0.025602045003324747,0.607421875,1.0
602,141.0,0.0,0.022016616770997643,0.6640625,1.0
603,141.0,2.0,0.0234406222589314,0.609375,1.0
604,141.0,g,0.023630915688616888,0.6254464285714286,1.0
605,142.0,2.0,0.023611882235854864,0.625,1.0
606,142.0,3.0,0.023132270434871316,0.6328125,1.0
607,142.0,1.0,0.024861780693754554,0.60546875,1.0
608,142.0,g,0.02354458554514817,0.6285714285714286,1.0
609,143.0,2.0,0.023338511819019914,0.607421875,1.0
610,143.0,3.0,0.022840065183117986,0.64453125,1.0
611,143.0,1.0,0.025759194162674248,0.60546875,1.0
612,143.0,g,0.023497381886201246,0.6299107142857143,1.0
613,144.0,3.0,0.022789375390857458,0.6484375,1.0
614,144.0,2.0,0.023476284695789218,0.60546875,1.0
615,144.0,1.0,0.02526838646735996,0.60546875,1.0
616,144.0,0.0,0.022226354805752635,0.650390625,1.0
617,144.0,g,0.023499479118202413,0.6285714285714286,1.0
618,145.0,0.0,0.022306880680844188,0.65234375,1.0
619,145.0,1.0,0.02539519057609141,0.603515625,1.0
620,145.0,2.0,0.02341952593997121,0.607421875,1.0
621,145.0,g,0.02351036513490336,0.6276785714285714,1.0
622,146.0,3.0,0.022770192474126816,0.640625,1.0
623,146.0,2.0,0.023437318857759237,0.609375,1.0
624,146.0,0.0,0.022220923798158765,0.65625,1.0
625,146.0,g,0.02350147624633142,0.6299107142857143,1.0
626,147.0,3.0,0.022918934235349298,0.640625,1.0
627,147.0,2.0,0.02342687686905265,0.611328125,1.0
628,147.0,1.0,0.02557806856930256,0.607421875,1.0
629,147.0,g,0.023488514976842064,0.6321428571428571,1.0
630,148.0,1.0,0.024694295949302614,0.609375,1.0
631,148.0,0.0,0.022244585445150733,0.65625,1.0
632,148.0,2.0,0.023897544480860233,0.626953125,1.0
633,148.0,g,0.02352242161120687,0.6316964285714286,1.0
634,149.0,3.0,0.022782769287005067,0.6484375,1.0
635,149.0,0.0,0.02227948303334415,0.662109375,1.0
636,149.0,2.0,0.023502816911786795,0.611328125,1.0
637,149.0,g,0.023576001822948455,0.634375,1.0
638,150.0,2.0,0.023488343693315983,0.61328125,1.0
639,150.0,3.0,0.022791337920352817,0.650390625,1.0
640,150.0,0.0,0.02223985525779426,0.6640625,1.0
641,150.0,g,0.023952874727547167,0.6339285714285714,1.0
642,151.0,0.0,0.02224128437228501,0.669921875,1.0
643,151.0,3.0,0.02326282230205834,0.638671875,1.0
644,151.0,1.0,0.02500045031774789,0.599609375,1.0
645,151.0,g,0.02448411158152989,0.6276785714285714,1.0
646,152.0,1.0,0.025618509156629443,0.607421875,1.0
647,152.0,2.0,0.023725777631625533,0.62890625,1.0
648,152.0,3.0,0.02385124866850674,0.630859375,1.0
649,152.0,g,0.02466863910002368,0.628125,1.0
650,153.0,3.0,0.022877481998875737,0.638671875,1.0
651,153.0,0.0,0.02276677289046347,0.650390625,1.0
652,153.0,1.0,0.025931701413355768,0.607421875,1.0
653,153.0,g,0.024491275208336966,0.6316964285714286,1.0
654,154.0,3.0,0.02422118093818426,0.6328125,1.0
655,154.0,2.0,0.02371571841649711,0.626953125,1.0
656,154.0,0.0,0.022427384741604328,0.658203125,1.0
657,154.0,g,0.024734160783035416,0.6294642857142857,1.0
658,155.0,0.0,0.02276240149512887,0.65234375,1.0
659,155.0,2.0,0.02423267741687596,0.623046875,1.0
660,155.0,1.0,0.025607308954931796,0.609375,1.0
661,155.0,g,0.024387280589767864,0.6285714285714286,1.0
662,156.0,3.0,0.02331742411479354,0.6484375,1.0
663,156.0,2.0,0.024114953819662333,0.60546875,1.0
664,156.0,1.0,0.025370746152475476,0.60546875,1.0
665,156.0,g,0.02411765269935131,0.6299107142857143,1.0
666,157.0,0.0,0.02248352812603116,0.66015625,1.0
667,157.0,3.0,0.023464093916118145,0.64453125,1.0
668,157.0,2.0,0.02407620009034872,0.623046875,1.0
669,157.0,g,0.024199487481798444,0.628125,1.0
670,158.0,1.0,0.02628753345925361,0.603515625,1.0
671,158.0,3.0,0.0236540911719203,0.6328125,1.0
672,158.0,0.0,0.022753359051421285,0.646484375,1.0
673,158.0,g,0.024551331145422798,0.6236607142857142,1.0
674,159.0,0.0,0.022904009092599154,0.658203125,1.0
675,159.0,1.0,0.02618078188970685,0.60546875,1.0
676,159.0,2.0,0.02403856022283435,0.623046875,1.0
677,159.0,g,0.024845277571252416,0.6223214285714286,1.0
678,160.0,2.0,0.024754493962973356,0.595703125,1.0
679,160.0,0.0,0.022923811804503202,0.65625,1.0
680,160.0,3.0,0.023582977009937167,0.638671875,1.0
681,160.0,1.0,0.026128520839847624,0.607421875,1.0
682,160.0,g,0.024697862671954292,0.621875,1.0
683,161.0,3.0,0.02332581183873117,0.642578125,1.0
684,161.0,0.0,0.022817408433184028,0.658203125,1.0
685,161.0,1.0,0.026060692383907735,0.59765625,1.0
686,161.0,g,0.024384085088968277,0.6241071428571429,1.0
687,162.0,0.0,0.02302161348052323,0.650390625,1.0
688,162.0,1.0,0.026130249141715467,0.609375,1.0
689,162.0,2.0,0.02424088609404862,0.603515625,1.0
690,162.0,g,0.024100512718515738,0.63125,1.0
691,163.0,2.0,0.02404896169900894,0.599609375,1.0
692,163.0,0.0,0.02303530741482973,0.658203125,1.0
693,163.0,1.0,0.026048530475236475,0.599609375,1.0
694,163.0,g,0.024013363623193333,0.6334821428571429,1.0
695,164.0,0.0,0.022895738016813993,0.65625,1.0
696,164.0,2.0,0.024282161612063646,0.60546875,1.0
697,164.0,3.0,0.023475772235542536,0.638671875,1.0
698,164.0,1.0,0.02595735457725823,0.603515625,1.0
699,164.0,g,0.02472285774669477,0.6285714285714286,1.0
700,165.0,3.0,0.023229652550071478,0.64453125,1.0
701,165.0,0.0,0.022910492727532983,0.658203125,1.0
702,165.0,1.0,0.026585354935377836,0.607421875,1.0
703,165.0,g,0.025689804713640893,0.6267857142857143,1.0
704,166.0,2.0,0.024164236383512616,0.62109375,1.0
705,166.0,1.0,0.025585487252101302,0.60546875,1.0
706,166.0,0.0,0.02291200729086995,0.658203125,1.0
707,166.0,g,0.02662356969501291,0.6236607142857142,1.0
708,167.0,2.0,0.02417502156458795,0.62109375,1.0
709,167.0,3.0,0.023291400400921702,0.646484375,1.0
710,167.0,1.0,0.025794108398258686,0.607421875,1.0
711,167.0,0.0,0.022817828226834536,0.6640625,1.0
712,167.0,g,0.02717204631439277,0.6205357142857143,1.0
713,168.0,3.0,0.02505072532221675,0.62890625,1.0
714,168.0,1.0,0.02637698280159384,0.60546875,0.998046875
715,168.0,0.0,0.02281614043749869,0.66796875,1.0
716,168.0,2.0,0.02451066649518907,0.625,1.0
717,168.0,g,0.0271268401827131,0.6200892857142857,0.99951171875
718,169.0,0.0,0.023225390817970037,0.654296875,0.998046875
719,169.0,2.0,0.024263632483780384,0.6171875,1.0
720,169.0,3.0,0.023903758730739355,0.62890625,1.0
721,169.0,g,0.025190621907157557,0.6272321428571429,0.9993489384651184
722,170.0,0.0,0.022865746170282364,0.66796875,1.0
723,170.0,3.0,0.02352948975749314,0.642578125,1.0
724,170.0,2.0,0.024367440259084105,0.626953125,1.0
725,170.0,g,0.024433563356953007,0.6316964285714286,1.0
726,171.0,3.0,0.02412160998210311,0.630859375,1.0
727,171.0,1.0,0.026146770920604467,0.6015625,1.0
728,171.0,0.0,0.022996150190010667,0.65234375,1.0
729,171.0,g,0.024412457644939423,0.6308035714285715,1.0
730,172.0,1.0,0.026088910060934722,0.609375,1.0
731,172.0,2.0,0.02453494374640286,0.6328125,1.0
732,172.0,3.0,0.0233021539170295,0.642578125,1.0
733,172.0,g,0.025417955592274666,0.6191964285714285,1.0
734,173.0,3.0,0.023528081364929676,0.64453125,1.0
735,173.0,2.0,0.025480540934950113,0.60546875,1.0
736,173.0,1.0,0.026160062523558736,0.607421875,1.0
737,173.0,g,0.02505251956837518,0.6205357142857143,1.0
738,174.0,2.0,0.024940352654084563,0.623046875,1.0
739,174.0,3.0,0.023920944659039378,0.6484375,1.0
740,174.0,0.0,0.023565093521028757,0.658203125,1.0
741,174.0,g,0.024611849497471538,0.6299107142857143,1.0
742,175.0,3.0,0.02342948503792286,0.650390625,1.0
743,175.0,0.0,0.02322945138439536,0.650390625,1.0
744,175.0,2.0,0.024764067260548472,0.61328125,1.0
745,175.0,g,0.02462133876979351,0.6303571428571428,1.0
746,176.0,3.0,0.02464791969396174,0.638671875,1.0
747,176.0,2.0,0.024659270653501153,0.615234375,1.0
748,176.0,0.0,0.023681843653321266,0.65234375,1.0
749,176.0,g,0.024963711681110518,0.6321428571428571,1.0
750,177.0,1.0,0.02659577876329422,0.599609375,1.0
751,177.0,3.0,0.023405779618769884,0.6484375,1.0
752,177.0,0.0,0.023666632594540715,0.654296875,1.0
753,177.0,g,0.025840754487684796,0.6263392857142858,1.0
754,178.0,0.0,0.02358293253928423,0.650390625,1.0
755,178.0,1.0,0.02641666796989739,0.60546875,1.0
756,178.0,2.0,0.024848095374181867,0.61328125,1.0
757,178.0,g,0.026911325752735138,0.6232142857142857,1.0
758,179.0,1.0,0.026935636182315648,0.603515625,1.0
759,179.0,2.0,0.025234122993424535,0.625,0.998046875
760,179.0,0.0,0.02338199852965772,0.65234375,1.0
761,179.0,g,0.026408961362072398,0.625,0.9993489384651184
762,180.0,0.0,0.023474087240174413,0.65625,1.0
763,180.0,3.0,0.02481717010959983,0.638671875,1.0
764,180.0,2.0,0.02459036512300372,0.615234375,1.0
765,180.0,1.0,0.02750968444161117,0.595703125,1.0
766,180.0,g,0.026219618533338818,0.6236607142857142,1.0
767,181.0,1.0,0.027015210245735943,0.60546875,1.0
768,181.0,3.0,0.02559351152740419,0.619140625,1.0
769,181.0,0.0,0.023429352091625333,0.65234375,1.0
770,181.0,2.0,0.024801539722830057,0.62890625,1.0
771,181.0,g,0.024950767308473586,0.6339285714285714,1.0
772,182.0,2.0,0.024731795070692897,0.623046875,1.0
773,182.0,1.0,0.02694712672382593,0.60546875,1.0
774,182.0,0.0,0.023353546392172575,0.66015625,1.0
775,182.0,g,0.02454743159136602,0.6361607142857143,1.0
776,183.0,3.0,0.024003038881346583,0.642578125,1.0
777,183.0,1.0,0.02635292860213667,0.603515625,1.0
778,183.0,2.0,0.024913848843425512,0.623046875,1.0
779,183.0,g,0.02468823811837605,0.6267857142857143,1.0
780,184.0,1.0,0.02701328054536134,0.599609375,1.0
781,184.0,2.0,0.0249322522431612,0.62890625,1.0
782,184.0,0.0,0.02348696463741362,0.654296875,1.0
783,184.0,g,0.025469191638486727,0.6205357142857143,1.0
784,185.0,1.0,0.026593253598548472,0.61328125,1.0
785,185.0,0.0,0.023319232976064086,0.658203125,1.0
786,185.0,2.0,0.024949402082711458,0.626953125,1.0
787,185.0,g,0.02682737952896527,0.6116071428571429,1.0
788,186.0,1.0,0.026903898920863867,0.595703125,1.0
789,186.0,2.0,0.025712742004543543,0.609375,1.0
790,186.0,0.0,0.023659647908061743,0.658203125,1.0
791,186.0,g,0.02593411436038358,0.6165178571428571,1.0
792,187.0,3.0,0.024048896972090006,0.640625,1.0
793,187.0,2.0,0.02496022917330265,0.615234375,1.0
794,187.0,0.0,0.023883877089247108,0.654296875,0.998046875
795,187.0,g,0.024813950780246938,0.6321428571428571,0.9993489384651184
796,188.0,0.0,0.02388408174738288,0.650390625,1.0
797,188.0,1.0,0.027856651577167213,0.599609375,1.0
798,188.0,3.0,0.024469006340950727,0.638671875,1.0
799,188.0,g,0.025576108933559487,0.6285714285714286,1.0
800,189.0,1.0,0.028377613052725792,0.59765625,1.0
801,189.0,3.0,0.025622004410251975,0.623046875,1.0
802,189.0,0.0,0.02372074476443231,0.658203125,1.0
803,189.0,g,0.026505495235323907,0.6236607142857142,1.0
804,190.0,2.0,0.025013632606714964,0.61328125,1.0
805,190.0,3.0,0.025292411912232637,0.626953125,1.0
806,190.0,1.0,0.02831475459970534,0.59765625,1.0
807,190.0,g,0.02715735004416534,0.6236607142857142,1.0
808,191.0,1.0,0.028092191903851926,0.595703125,1.0
809,191.0,2.0,0.025065705878660083,0.61328125,1.0
810,191.0,3.0,0.024927714141085744,0.63671875,1.0
811,191.0,g,0.026948407824550356,0.6227678571428571,1.0
812,192.0,2.0,0.026129491394385695,0.611328125,1.0
813,192.0,3.0,0.02444365480914712,0.646484375,1.0
814,192.0,1.0,0.02783630695194006,0.59375,1.0
815,192.0,g,0.025891108704464778,0.6267857142857143,1.0
816,193.0,2.0,0.025018365820869803,0.62109375,1.0
817,193.0,0.0,0.024682866875082254,0.65625,1.0
818,193.0,1.0,0.026402381365187466,0.6015625,1.0
819,193.0,g,0.025288539778973374,0.6308035714285715,1.0
820,194.0,1.0,0.02824905386660248,0.59765625,1.0
821,194.0,2.0,0.025503867538645864,0.62109375,1.0
822,194.0,0.0,0.023784472374245524,0.65625,1.0
823,194.0,3.0,0.025300432462245226,0.630859375,1.0
824,194.0,g,0.024847572562949997,0.6339285714285714,1.0
825,195.0,1.0,0.026958972099237144,0.607421875,1.0
826,195.0,2.0,0.025332881836220622,0.623046875,1.0
827,195.0,0.0,0.02387433801777661,0.654296875,1.0
828,195.0,g,0.025008617554392133,0.628125,1.0
829,196.0,2.0,0.025348074734210968,0.62109375,1.0
830,196.0,3.0,0.024920681724324822,0.6328125,1.0
831,196.0,1.0,0.026595585281029344,0.609375,1.0
832,196.0,g,0.02569128753883498,0.6214285714285714,1.0
833,197.0,1.0,0.027424326399341226,0.603515625,1.0
834,197.0,3.0,0.02461016713641584,0.638671875,1.0
835,197.0,0.0,0.0234920687507838,0.6640625,1.0
836,197.0,g,0.02644312387066228,0.6205357142857143,1.0
837,198.0,3.0,0.02488512359559536,0.638671875,1.0
838,198.0,1.0,0.02733153779990971,0.603515625,1.0
839,198.0,0.0,0.024422421352937818,0.642578125,1.0
840,198.0,g,0.026365040242671965,0.6178571428571429,1.0
841,199.0,0.0,0.023671034490689635,0.654296875,1.0
842,199.0,3.0,0.024237128673121333,0.634765625,1.0
843,199.0,1.0,0.027306901407428086,0.603515625,1.0
844,199.0,g,0.025917519629001618,0.6205357142857143,1.0
845,200.0,0.0,0.024022319354116917,0.66015625,1.0
846,200.0,2.0,0.0264003265183419,0.59765625,1.0
847,200.0,3.0,0.024206250673159957,0.6328125,1.0
848,200.0,g,0.025330314838460512,0.6241071428571429,1.0
849,201.0,0.0,0.023975097807124257,0.65234375,1.0
850,201.0,1.0,0.026905059115961194,0.603515625,1.0
851,201.0,3.0,0.024137243162840605,0.640625,1.0
852,201.0,g,0.02512687633612326,0.6339285714285714,1.0
853,202.0,0.0,0.023878506617620587,0.654296875,1.0
854,202.0,1.0,0.026576385949738324,0.60546875,1.0
855,202.0,3.0,0.024815912125632167,0.630859375,1.0
856,202.0,g,0.025961389632097313,0.6290178571428572,1.0
857,203.0,2.0,0.025503288954496384,0.615234375,1.0
858,203.0,3.0,0.02552792220376432,0.62890625,1.0
859,203.0,0.0,0.023862182162702084,0.654296875,1.0
860,203.0,g,0.027282022471938814,0.6209821428571428,1.0
861,204.0,1.0,0.0276742730056867,0.60546875,1.0
862,204.0,3.0,0.02430258900858462,0.642578125,1.0
863,204.0,2.0,0.02584786806255579,0.611328125,1.0
864,204.0,0.0,0.023856255458667874,0.65625,1.0
865,204.0,g,0.028245954481618745,0.6165178571428571,1.0
866,205.0,0.0,0.025650919182226062,0.646484375,1.0
867,205.0,1.0,0.02966531738638878,0.59765625,1.0
868,205.0,2.0,0.026278801495209336,0.615234375,1.0
869,205.0,g,0.027980188014251846,0.6169642857142857,1.0
870,206.0,0.0,0.024289576103910804,0.658203125,1.0
871,206.0,2.0,0.02570853941142559,0.6171875,1.0
872,206.0,3.0,0.02521008439362049,0.6328125,1.0
873,206.0,g,0.027129085840923446,0.6223214285714286,1.0
874,207.0,0.0,0.02412681491114199,0.65625,1.0
875,207.0,2.0,0.026117422385141253,0.615234375,1.0
876,207.0,1.0,0.027989568072371185,0.59765625,1.0
877,207.0,g,0.025972810121519224,0.6285714285714286,1.0
878,208.0,3.0,0.02614367729984224,0.626953125,1.0
879,208.0,2.0,0.025924194371327758,0.615234375,1.0
880,208.0,0.0,0.02396836457774043,0.662109375,1.0
881,208.0,g,0.02545991116868598,0.6370535714285714,1.0
882,209.0,0.0,0.023970711044967175,0.66796875,1.0
883,209.0,1.0,0.02866503340192139,0.595703125,1.0
884,209.0,2.0,0.02597736520692706,0.619140625,1.0
885,209.0,g,0.025466661767235825,0.6294642857142857,1.0
886,210.0,0.0,0.02469832939095795,0.6484375,1.0
887,210.0,3.0,0.025290027493610978,0.634765625,1.0
888,210.0,2.0,0.025869050063192844,0.62109375,1.0
889,210.0,g,0.02601284044129508,0.6227678571428571,1.0
890,211.0,0.0,0.023963080951943994,0.658203125,1.0
891,211.0,1.0,0.02803000994026661,0.595703125,1.0
892,211.0,2.0,0.026134544285014272,0.615234375,1.0
893,211.0,3.0,0.024929450592026114,0.642578125,1.0
894,211.0,g,0.027546706795692443,0.60625,1.0
895,212.0,1.0,0.026832766365259886,0.603515625,1.0
896,212.0,2.0,0.025644215987995267,0.615234375,1.0
897,212.0,0.0,0.025236829183995724,0.640625,1.0
898,212.0,g,0.027621872244136675,0.6075892857142857,1.0
899,213.0,3.0,0.02478917851112783,0.63671875,1.0
900,213.0,2.0,0.025653904769569635,0.619140625,1.0
901,213.0,0.0,0.024346694350242615,0.64453125,1.0
902,213.0,g,0.02686027778046472,0.615625,1.0
903,214.0,2.0,0.026861650170758367,0.609375,1.0
904,214.0,0.0,0.02394831576384604,0.66015625,1.0
905,214.0,1.0,0.02694082190282643,0.60546875,1.0
906,214.0,3.0,0.024874081136658788,0.640625,1.0
907,214.0,g,0.02577288688293525,0.6232142857142857,1.0
908,215.0,2.0,0.025905422633513808,0.62109375,1.0
909,215.0,0.0,0.024311306420713663,0.654296875,1.0
910,215.0,1.0,0.027206558967009187,0.59765625,1.0
911,215.0,g,0.025542168505489828,0.634375,1.0
912,216.0,0.0,0.024752346565946937,0.640625,1.0
913,216.0,3.0,0.02533046156167984,0.6328125,1.0
914,216.0,1.0,0.027109429356642067,0.603515625,1.0
915,216.0,g,0.02673618160188198,0.6272321428571429,1.0
916,217.0,0.0,0.02440539374947548,0.65234375,1.0
917,217.0,1.0,0.027294985600747168,0.607421875,1.0
918,217.0,2.0,0.02558733429759741,0.619140625,1.0
919,217.0,g,0.029153263728533472,0.6098214285714286,1.0
920,218.0,1.0,0.030080354074016213,0.59765625,1.0
921,218.0,0.0,0.025231379084289074,0.640625,1.0
922,218.0,3.0,0.025990823982283473,0.62109375,1.0
923,218.0,g,0.0276713065803051,0.6209821428571428,1.0
924,219.0,2.0,0.025767902610823512,0.619140625,1.0
925,219.0,0.0,0.025361979380249977,0.646484375,1.0
926,219.0,3.0,0.026041855802759528,0.625,1.0
927,219.0,g,0.027510689784373557,0.621875,1.0
928,220.0,3.0,0.025722682708874345,0.623046875,1.0
929,220.0,2.0,0.025604167487472296,0.619140625,1.0
930,220.0,0.0,0.02449706755578518,0.646484375,1.0
931,220.0,g,0.02725887160216059,0.6209821428571428,1.0
932,221.0,3.0,0.025711669586598873,0.62890625,1.0
933,221.0,0.0,0.024772062432020903,0.654296875,1.0
934,221.0,1.0,0.028038526885211468,0.603515625,1.0
935,221.0,g,0.026297729568822044,0.6290178571428572,1.0
936,222.0,2.0,0.026072509353980422,0.62109375,1.0
937,222.0,3.0,0.025716167176142335,0.62890625,1.0
938,222.0,0.0,0.0241737209726125,0.654296875,1.0
939,222.0,g,0.026170542889407702,0.6299107142857143,1.0
940,223.0,1.0,0.028745295363478363,0.603515625,1.0
941,223.0,2.0,0.026447107084095478,0.61328125,1.0
942,223.0,3.0,0.02576238731853664,0.62890625,1.0
943,223.0,g,0.026541063189506532,0.6232142857142857,1.0
944,224.0,1.0,0.027411082293838263,0.607421875,1.0
945,224.0,2.0,0.026266210014000535,0.615234375,1.0
946,224.0,3.0,0.025679240003228188,0.62890625,1.0
947,224.0,0.0,0.02541629271581769,0.6484375,1.0
948,224.0,g,0.027192282623478344,0.6160714285714286,1.0
949,225.0,2.0,0.026421108981594443,0.611328125,1.0
950,225.0,1.0,0.027676931931637228,0.609375,1.0
951,225.0,0.0,0.025256477063521743,0.642578125,1.0
952,225.0,3.0,0.02539928606711328,0.638671875,1.0
953,225.0,g,0.02702513108296054,0.6191964285714285,1.0
954,226.0,3.0,0.02525236806832254,0.6328125,1.0
955,226.0,1.0,0.027090217685326934,0.609375,1.0
956,226.0,0.0,0.02452601445838809,0.658203125,1.0
957,226.0,2.0,0.027221414726227522,0.61328125,1.0
958,226.0,g,0.026816982296960695,0.61875,1.0
959,227.0,1.0,0.027528928127139807,0.611328125,1.0
960,227.0,3.0,0.025261072209104896,0.634765625,1.0
961,227.0,2.0,0.02638525515794754,0.6171875,1.0
962,227.0,g,0.02588835619390011,0.6290178571428572,1.0
963,228.0,0.0,0.025502147851511836,0.646484375,1.0
964,228.0,3.0,0.02562697953544557,0.62890625,1.0
965,228.0,2.0,0.026293203700333834,0.61328125,1.0
966,228.0,g,0.025790938894663537,0.6321428571428571,1.0
967,229.0,3.0,0.02530811820179224,0.62890625,1.0
968,229.0,0.0,0.024907348211854696,0.650390625,1.0
969,229.0,2.0,0.026620424818247557,0.60546875,1.0
970,229.0,g,0.026040012761950494,0.6325892857142857,1.0
971,230.0,2.0,0.02661838149651885,0.61328125,1.0
972,230.0,0.0,0.024916168535128236,0.658203125,1.0
973,230.0,3.0,0.0254545658826828,0.63671875,1.0
974,230.0,g,0.027009336011750356,0.6254464285714286,1.0
975,231.0,3.0,0.026788223069161177,0.62109375,1.0
976,231.0,2.0,0.026307443622499704,0.61328125,1.0
977,231.0,1.0,0.028214871999807656,0.607421875,1.0
978,231.0,g,0.02736345657280513,0.6232142857142857,1.0
979,232.0,0.0,0.024300496093928814,0.658203125,1.0
980,232.0,2.0,0.026269840076565742,0.619140625,1.0
981,232.0,1.0,0.028448660392314196,0.609375,1.0
982,232.0,3.0,0.025122163584455848,0.640625,1.0
983,232.0,g,0.02723557294479438,0.625,1.0
984,233.0,2.0,0.026282762177288532,0.619140625,1.0
985,233.0,0.0,0.024590276181697845,0.65625,1.0
986,233.0,3.0,0.025231244508177042,0.634765625,1.0
987,233.0,g,0.026996168973190442,0.6299107142857143,1.0
988,234.0,2.0,0.026087590493261814,0.623046875,1.0
989,234.0,0.0,0.02448757807724178,0.65625,1.0
990,234.0,1.0,0.028153639053925872,0.60546875,1.0
991,234.0,g,0.026770972620163647,0.6290178571428572,1.0
992,235.0,2.0,0.02629277086816728,0.6171875,1.0
993,235.0,3.0,0.02641898882575333,0.625,1.0
994,235.0,1.0,0.02911813755054027,0.611328125,1.0
995,235.0,0.0,0.024669482838362455,0.650390625,1.0
996,235.0,g,0.026614214054175786,0.6316964285714286,1.0
997,236.0,3.0,0.025693750008940697,0.630859375,1.0
998,236.0,2.0,0.02604126767255366,0.6171875,1.0
999,236.0,0.0,0.024365716613829136,0.66015625,1.0
1000,236.0,g,0.026478868669697217,0.6267857142857143,1.0
1001,237.0,0.0,0.02470860769972205,0.658203125,1.0
1002,237.0,2.0,0.026257390389218926,0.62109375,1.0
1003,237.0,1.0,0.028620388824492693,0.611328125,1.0
1004,237.0,3.0,0.02568057249300182,0.62890625,1.0
1005,237.0,g,0.026628035892333302,0.625,1.0
1006,238.0,3.0,0.02560547925531864,0.6328125,1.0
1007,238.0,0.0,0.024578761542215943,0.662109375,1.0
1008,238.0,2.0,0.02638213522732258,0.615234375,1.0
1009,238.0,1.0,0.028063413221389055,0.603515625,1.0
1010,238.0,g,0.026618633845022745,0.625,1.0
1011,239.0,0.0,0.024552802089601755,0.662109375,1.0
1012,239.0,1.0,0.02914184087421745,0.60546875,1.0
1013,239.0,3.0,0.02593469643034041,0.62890625,1.0
1014,239.0,g,0.026581183980618206,0.6245535714285714,1.0
1015,240.0,0.0,0.02453289437107742,0.658203125,1.0
1016,240.0,1.0,0.027706400956958532,0.603515625,1.0
1017,240.0,2.0,0.026349850231781602,0.615234375,1.0
1018,240.0,3.0,0.025739103322848678,0.638671875,1.0
1019,240.0,g,0.026569466346076556,0.625,1.0
1020,241.0,0.0,0.025352551601827145,0.65625,1.0
1021,241.0,2.0,0.027278966968879104,0.6015625,1.0
1022,241.0,3.0,0.025710810907185078,0.6328125,1.0
1023,241.0,g,0.026553975152117864,0.6254464285714286,1.0
1024,242.0,0.0,0.02488445001654327,0.6640625,1.0
1025,242.0,3.0,0.025668492540717125,0.63671875,1.0
1026,242.0,2.0,0.02696130401454866,0.6015625,1.0
1027,242.0,1.0,0.02768200554419309,0.60546875,1.0
1028,242.0,g,0.026394507714680264,0.628125,1.0
1029,243.0,1.0,0.028405762161128223,0.607421875,1.0
1030,243.0,3.0,0.025552900740876794,0.634765625,1.0
1031,243.0,0.0,0.024922511307522655,0.662109375,1.0
1032,243.0,g,0.02627171650528908,0.6308035714285715,1.0
1033,244.0,1.0,0.02796799736097455,0.60546875,1.0
1034,244.0,2.0,0.02697446825914085,0.60546875,1.0
1035,244.0,0.0,0.024957043351605535,0.65625,1.0
1036,244.0,g,0.02628763198320355,0.6316964285714286,1.0
1037,245.0,0.0,0.025012634927406907,0.662109375,1.0
1038,245.0,1.0,0.028179502580314875,0.603515625,1.0
1039,245.0,3.0,0.025697808247059584,0.63671875,1.0
1040,245.0,g,0.02633798686521394,0.6276785714285714,1.0
1041,246.0,3.0,0.025608811993151903,0.62890625,1.0
1042,246.0,1.0,0.028418447938747704,0.6015625,1.0
1043,246.0,2.0,0.026884080842137337,0.60546875,1.0
1044,246.0,g,0.02642991936632565,0.6303571428571428,1.0
1045,247.0,3.0,0.025590354576706886,0.630859375,1.0
1046,247.0,0.0,0.025010086130350828,0.65625,1.0
1047,247.0,2.0,0.026176651706919074,0.6171875,1.0
1048,247.0,g,0.026710369916898864,0.6294642857142857,1.0
1049,248.0,2.0,0.026318333810195327,0.62109375,1.0
1050,248.0,3.0,0.025889615761116147,0.638671875,1.0
1051,248.0,1.0,0.02780439704656601,0.60546875,1.0
1052,248.0,0.0,0.024778692051768303,0.662109375,1.0
1053,248.0,g,0.026893235902701106,0.6303571428571428,1.0
1054,249.0,0.0,0.024801359977573156,0.650390625,1.0
1055,249.0,3.0,0.026195740327239037,0.6328125,1.0
1056,249.0,2.0,0.02651668107137084,0.61328125,1.0
1057,249.0,g,0.02693019349660192,0.634375,1.0
1058,250.0,0.0,0.024725010385736823,0.6640625,1.0
1059,250.0,1.0,0.029659985098987818,0.611328125,1.0
1060,250.0,3.0,0.026186373783275485,0.630859375,1.0
1061,250.0,g,0.026831112003752162,0.6299107142857143,1.0
1062,251.0,1.0,0.028771764365956187,0.603515625,1.0
1063,251.0,2.0,0.026483736000955105,0.62109375,1.0
1064,251.0,3.0,0.02611724636517465,0.6328125,1.0
1065,251.0,g,0.02671489691627877,0.6303571428571428,1.0
1066,252.0,3.0,0.026110445149242878,0.630859375,1.0
1067,252.0,0.0,0.02500582649372518,0.66015625,1.0
1068,252.0,1.0,0.02914677793160081,0.603515625,1.0
1069,252.0,g,0.02665430445756231,0.6272321428571429,1.0
1070,253.0,2.0,0.026274757459759712,0.623046875,1.0
1071,253.0,0.0,0.024866302497684956,0.65625,1.0
1072,253.0,3.0,0.02608651970513165,0.634765625,1.0
1073,253.0,g,0.02665886091334479,0.6308035714285715,1.0
1074,254.0,0.0,0.024896417511627078,0.654296875,1.0
1075,254.0,2.0,0.026804891880601645,0.603515625,1.0
1076,254.0,3.0,0.02588878502137959,0.626953125,1.0
1077,254.0,g,0.026691021823457308,0.6272321428571429,1.0
1078,255.0,0.0,0.024917173199355602,0.658203125,1.0
1079,255.0,1.0,0.02895396901294589,0.60546875,1.0
1080,255.0,2.0,0.0271309120580554,0.6015625,1.0
1081,255.0,g,0.02669991430427347,0.6276785714285714,1.0
1082,256.0,2.0,0.026454717153683305,0.623046875,1.0
1083,256.0,3.0,0.02587785036303103,0.634765625,1.0
1084,256.0,1.0,0.02881510730367154,0.607421875,1.0
1085,256.0,g,0.0266732786915132,0.628125,1.0
1086,257.0,3.0,0.025839996291324496,0.63671875,1.0
1087,257.0,1.0,0.028422028524801135,0.60546875,1.0
1088,257.0,0.0,0.025088002206757665,0.66796875,1.0
1089,257.0,g,0.02662046141922474,0.6290178571428572,1.0
1090,258.0,0.0,0.025186972226947546,0.66796875,1.0
1091,258.0,2.0,0.0272818636149168,0.6015625,1.0
1092,258.0,1.0,0.028353546280413866,0.603515625,1.0
1093,258.0,3.0,0.025814913911744952,0.638671875,1.0
1094,258.0,g,0.02655863958810057,0.6303571428571428,1.0
1095,259.0,3.0,0.025823952164500952,0.642578125,1.0
1096,259.0,0.0,0.025141174905002117,0.669921875,1.0
1097,259.0,2.0,0.02709808642975986,0.6015625,1.0
1098,259.0,1.0,0.02885993372183293,0.607421875,1.0
1099,259.0,g,0.026482607450868403,0.6316964285714286,1.0
1100,260.0,2.0,0.026962659554556012,0.60546875,1.0
1101,260.0,1.0,0.028288653353229165,0.607421875,1.0
1102,260.0,3.0,0.025813755579292774,0.638671875,1.0
1103,260.0,0.0,0.025067216018214822,0.662109375,1.0
1104,260.0,g,0.02645880885954414,0.6325892857142857,1.0
1105,261.0,1.0,0.028319578035734594,0.6015625,1.0
1106,261.0,2.0,0.026856774929910898,0.615234375,1.0
1107,261.0,0.0,0.024982625152915716,0.65625,1.0
1108,261.0,g,0.026479662342795304,0.6321428571428571,1.0
1109,262.0,2.0,0.02687448961660266,0.611328125,1.0
1110,262.0,3.0,0.02583915856666863,0.642578125,1.0
1111,262.0,0.0,0.024936453206464648,0.66015625,1.0
1112,262.0,1.0,0.028435460990294814,0.603515625,1.0
1113,262.0,g,0.026528642566076347,0.6321428571428571,1.0
1114,263.0,0.0,0.02495196065865457,0.66015625,1.0
1115,263.0,2.0,0.026771616656333208,0.615234375,1.0
1116,263.0,1.0,0.028353406582027674,0.603515625,1.0
1117,263.0,g,0.02658650539815426,0.6316964285714286,1.0
1118,264.0,0.0,0.02495777723379433,0.66015625,1.0
1119,264.0,2.0,0.02679029991850257,0.611328125,1.0
1120,264.0,3.0,0.02582410885952413,0.63671875,1.0
1121,264.0,g,0.026650648564100266,0.6321428571428571,1.0
1122,265.0,3.0,0.02595094032585621,0.634765625,1.0
1123,265.0,1.0,0.028573082177899778,0.60546875,1.0
1124,265.0,0.0,0.024961932096630335,0.65625,1.0
1125,265.0,g,0.026721897135887827,0.6325892857142857,1.0
1126,266.0,1.0,0.028530201292596757,0.60546875,1.0
1127,266.0,0.0,0.02505764039233327,0.662109375,1.0
1128,266.0,2.0,0.026696586282923818,0.615234375,1.0
1129,266.0,g,0.026785916489149842,0.6321428571428571,1.0
1130,267.0,0.0,0.02504657953977585,0.6640625,1.0
1131,267.0,1.0,0.028807673952542245,0.607421875,1.0
1132,267.0,2.0,0.026797055965289474,0.619140625,1.0
1133,267.0,g,0.026822838692792825,0.6321428571428571,1.0
1134,268.0,0.0,0.024978808825835586,0.662109375,1.0
1135,268.0,2.0,0.026735869236290455,0.6171875,1.0
1136,268.0,1.0,0.029191560694016516,0.60546875,1.0
1137,268.0,g,0.026844102436942713,0.6316964285714286,1.0
1138,269.0,2.0,0.026906962506473064,0.615234375,1.0
1139,269.0,1.0,0.029079197673127055,0.60546875,1.0
1140,269.0,3.0,0.02599303610622883,0.6328125,1.0
1141,269.0,g,0.026848595003996577,0.63125,1.0
1142,270.0,1.0,0.02895625145174563,0.607421875,1.0
1143,270.0,2.0,0.026747739408165216,0.619140625,1.0
1144,270.0,3.0,0.026208454743027687,0.630859375,1.0
1145,270.0,g,0.0268439348254885,0.6321428571428571,1.0
1146,271.0,1.0,0.029108983813785017,0.607421875,1.0
1147,271.0,0.0,0.02522380487062037,0.666015625,1.0
1148,271.0,2.0,0.026845518266782165,0.619140625,1.0
1149,271.0,g,0.02685253436544112,0.6330357142857143,1.0
1150,272.0,1.0,0.029016481013968587,0.611328125,1.0
1151,272.0,0.0,0.02508235047571361,0.662109375,1.0
1152,272.0,3.0,0.02616062294691801,0.634765625,1.0
1153,272.0,g,0.026861913262733392,0.6330357142857143,1.0
1154,273.0,0.0,0.025274691870436072,0.66796875,1.0
1155,273.0,2.0,0.027046046685427427,0.609375,1.0
1156,273.0,3.0,0.02617976861074567,0.63671875,1.0
1157,273.0,g,0.02686366013118199,0.6339285714285714,1.0
1158,274.0,1.0,0.029067076509818435,0.611328125,1.0
1159,274.0,3.0,0.02617856999859214,0.6328125,1.0
1160,274.0,2.0,0.027056532446295023,0.609375,1.0
1161,274.0,g,0.026848266992185798,0.6325892857142857,1.0
1162,275.0,3.0,0.026179234497249126,0.634765625,1.0
1163,275.0,2.0,0.027039227075874805,0.61328125,1.0
1164,275.0,1.0,0.02906343713402748,0.611328125,1.0
1165,275.0,g,0.02683588471263647,0.6316964285714286,1.0
1166,276.0,1.0,0.029010096099227667,0.611328125,1.0
1167,276.0,0.0,0.02529580844566226,0.66796875,1.0
1168,276.0,3.0,0.02618993166834116,0.634765625,1.0
1169,276.0,g,0.026842162066272327,0.6334821428571429,1.0
1170,277.0,2.0,0.027044754242524505,0.609375,1.0
1171,277.0,0.0,0.02529903850518167,0.666015625,1.0
1172,277.0,1.0,0.029024909250438213,0.611328125,1.0
1173,277.0,3.0,0.026196650229394436,0.634765625,1.0
1174,277.0,g,0.026857276047979082,0.6334821428571429,1.0
1175,278.0,3.0,0.026200531283393502,0.638671875,1.0
1176,278.0,1.0,0.028958554146811366,0.609375,1.0
1177,278.0,0.0,0.02530569490045309,0.66015625,1.0
1178,278.0,g,0.02687729506620339,0.6325892857142857,1.0
1179,279.0,2.0,0.027041924186050892,0.609375,1.0
1180,279.0,1.0,0.029013760737143457,0.611328125,1.0
1181,279.0,0.0,0.025294918566942215,0.666015625,1.0
1182,279.0,g,0.026894145192844526,0.6334821428571429,1.0
1183,280.0,1.0,0.028943542391061783,0.609375,1.0
1184,280.0,2.0,0.027023039292544127,0.61328125,1.0
1185,280.0,3.0,0.026203667977824807,0.634765625,1.0
1186,280.0,g,0.02689886087817805,0.6325892857142857,1.0
1187,281.0,1.0,0.028956049354746938,0.609375,1.0
1188,281.0,0.0,0.025308850221335888,0.662109375,1.0
1189,281.0,2.0,0.02703841240145266,0.611328125,1.0
1190,281.0,g,0.026926732435822488,0.6330357142857143,1.0
1191,282.0,3.0,0.02620283211581409,0.638671875,1.0
1192,282.0,2.0,0.027054984821006656,0.611328125,1.0
1193,282.0,1.0,0.028984677279368043,0.609375,1.0
1194,282.0,g,0.026938838245613234,0.6325892857142857,1.0
1195,283.0,2.0,0.02705740835517645,0.6171875,1.0
1196,283.0,3.0,0.026234171353280544,0.638671875,1.0
1197,283.0,0.0,0.025355187943205237,0.662109375,1.0
1198,283.0,g,0.02696909343025514,0.6325892857142857,1.0
1199,284.0,0.0,0.02535135461948812,0.6640625,1.0
1200,284.0,2.0,0.02706542261876166,0.615234375,1.0
1201,284.0,3.0,0.02627851627767086,0.640625,1.0
1202,284.0,g,0.027000654408974308,0.6316964285714286,1.0
1203,285.0,3.0,0.026370024774223566,0.63671875,1.0
1204,285.0,1.0,0.02911284996662289,0.607421875,1.0
1205,285.0,0.0,0.02535681356675923,0.662109375,1.0
1206,285.0,2.0,0.027128974441438913,0.6171875,1.0
1207,285.0,g,0.027044269682041235,0.6330357142857143,1.0
1208,286.0,3.0,0.026363346492871642,0.63671875,1.0
1209,286.0,0.0,0.02538888528943062,0.662109375,1.0
1210,286.0,2.0,0.027098115300759673,0.615234375,1.0
1211,286.0,g,0.027073369015540395,0.6325892857142857,1.0
1212,287.0,0.0,0.025366084882989526,0.662109375,1.0
1213,287.0,3.0,0.02636108174920082,0.63671875,1.0
1214,287.0,1.0,0.029104172019287944,0.609375,1.0
1215,287.0,g,0.027107109980923787,0.6321428571428571,1.0
1216,288.0,1.0,0.02921776205766946,0.60546875,1.0
1217,288.0,3.0,0.026385003235191107,0.63671875,1.0
1218,288.0,0.0,0.025376928970217705,0.666015625,1.0
1219,288.0,g,0.02714150425578867,0.6330357142857143,1.0
1220,289.0,1.0,0.029380456428043544,0.609375,1.0
1221,289.0,2.0,0.027217462426051497,0.61328125,1.0
1222,289.0,3.0,0.02641080552712083,0.634765625,1.0
1223,289.0,g,0.02714627890714577,0.6339285714285714,1.0
1224,290.0,1.0,0.029192167217843235,0.607421875,1.0
1225,290.0,2.0,0.027310938108712435,0.6171875,1.0
1226,290.0,3.0,0.02638187468983233,0.63671875,1.0
1227,290.0,g,0.0271494524287326,0.6330357142857143,1.0
1228,291.0,0.0,0.02543437690474093,0.666015625,1.0
1229,291.0,2.0,0.027159076649695635,0.6171875,1.0
1230,291.0,1.0,0.02935122139751911,0.611328125,1.0
1231,291.0,g,0.02717212699353695,0.6330357142857143,1.0
1232,292.0,1.0,0.029288654681295156,0.603515625,1.0
1233,292.0,0.0,0.02559861820191145,0.66796875,1.0
1234,292.0,3.0,0.026471975026652217,0.6328125,1.0
1235,292.0,g,0.027194124300565038,0.6334821428571429,1.0
1236,293.0,1.0,0.02935691282618791,0.611328125,1.0
1237,293.0,2.0,0.027251614024862647,0.615234375,1.0
1238,293.0,3.0,0.02646705787628889,0.6328125,1.0
1239,293.0,g,0.027193165570497512,0.6325892857142857,1.0
1240,294.0,3.0,0.02651108824647963,0.634765625,1.0
1241,294.0,2.0,0.02734917658381164,0.611328125,1.0
1242,294.0,0.0,0.025529187405481935,0.666015625,1.0
1243,294.0,g,0.027204869953649385,0.6325892857142857,1.0
1244,295.0,3.0,0.02648157882504165,0.6328125,1.0
1245,295.0,2.0,0.02738919109106064,0.615234375,1.0
1246,295.0,0.0,0.025616070022806525,0.66796875,1.0
1247,295.0,g,0.027215826085635594,0.6339285714285714,1.0
1248,296.0,2.0,0.027301180409267545,0.61328125,1.0
1249,296.0,1.0,0.029363988433033228,0.607421875,1.0
1250,296.0,3.0,0.026481059147045016,0.6328125,1.0
1251,296.0,g,0.02721170075237751,0.6348214285714285,1.0
1252,297.0,1.0,0.02936774236150086,0.607421875,1.0
1253,297.0,2.0,0.027390909381210804,0.6171875,1.0
1254,297.0,0.0,0.025631154188886285,0.666015625,1.0
1255,297.0,g,0.027224085852503778,0.634375,1.0
1256,298.0,3.0,0.02657488640397787,0.63671875,1.0
1257,298.0,2.0,0.027388071408495307,0.615234375,1.0
1258,298.0,1.0,0.02938524098135531,0.607421875,1.0
1259,298.0,g,0.0272250445825713,0.634375,1.0
1260,299.0,2.0,0.027384388260543346,0.615234375,1.0
1261,299.0,0.0,0.025638951687142253,0.6640625,1.0
1262,299.0,3.0,0.026528021320700645,0.634765625,1.0
1263,299.0,g,0.02724430582353047,0.634375,1.0
1264,300.0,2.0,0.027395940152928233,0.615234375,1.0
1265,300.0,1.0,0.029396899975836277,0.609375,1.0
1266,300.0,3.0,0.026611985871568322,0.63671875,1.0
1267,300.0,g,0.027250022175056593,0.6330357142857143,1.0
